{"Modules":[{"Key":"","Source":"","Dir":"."},{"Key":"cloud_router","Source":"registry.terraform.io/terraform-google-modules/cloud-router/google","Version":"0.3.0","Dir":".terraform/modules/cloud_router"},{"Key":"vpc","Source":"registry.terraform.io/terraform-google-modules/network/google","Version":"2.5.0","Dir":".terraform/modules/vpc"},{"Key":"vpc.routes","Source":"./modules/routes","Dir":".terraform/modules/vpc/modules/routes"},{"Key":"vpc.subnets","Source":"./modules/subnets","Dir":".terraform/modules/vpc/modules/subnets"},{"Key":"vpc.vpc","Source":"./modules/vpc","Dir":".terraform/modules/vpc/modules/vpc"}]}